City_ID,Lat,Lng,Max Temp,Humidity,Cloudiness,Wind Speed,Current Description
0,-33.65,115.3333,53.4,72,100,31.56,overcast clouds
1,-54.8,-68.3,35.26,93,100,0.0,light intensity drizzle
2,38.5167,-28.7,75.24,85,99,14.38,light rain
3,19.7297,-155.09,80.33,76,100,6.91,overcast clouds
4,-33.5906,26.891,66.2,54,4,10.6,clear sky
5,7.9986,124.2928,82.2,58,39,0.31,scattered clouds
6,32.6667,-17.1,70.43,81,15,5.7,few clouds
7,42.097,-79.2353,65.84,61,0,6.91,clear sky
8,-40.8135,-62.9967,43.48,79,0,5.61,clear sky
9,-29.6842,-53.8069,56.5,100,100,6.91,mist
10,62.456,-114.3525,70.32,30,20,8.05,few clouds
11,-53.15,-70.9167,33.91,100,20,2.3,few clouds
12,63.7553,121.6247,66.63,45,13,8.19,few clouds
13,37.7167,-25.4333,68.41,77,55,2.75,broken clouds
14,-8.7676,160.7034,86.2,63,15,4.5,few clouds
15,65.5833,-171.0,58.33,55,21,10.76,few clouds
16,22.2855,114.1577,84.38,82,100,10.0,light rain
17,-46.6,168.3333,44.8,74,39,26.33,scattered clouds
18,49.7834,-74.8492,56.98,71,5,4.83,clear sky
19,3.8167,117.25,86.56,64,88,1.92,overcast clouds
20,41.3712,-73.414,78.76,92,0,0.0,clear sky
21,42.6001,-73.9662,75.61,67,0,5.99,clear sky
22,14.298,44.3779,57.36,78,68,1.52,light rain
23,15.9,73.8167,76.39,89,100,2.93,overcast clouds
24,-34.0033,24.7314,57.16,57,6,6.71,clear sky
25,49.5886,81.0453,70.05,63,0,5.55,clear sky
26,44.0582,-121.3153,86.14,40,12,5.01,few clouds
27,-0.7393,-90.3518,70.56,88,24,7.0,few clouds
28,63.7506,-68.5145,42.53,86,75,8.05,broken clouds
29,72.7868,-56.1549,44.51,82,85,2.68,overcast clouds
30,13.0833,109.3,79.38,86,94,5.73,overcast clouds
31,-0.8833,131.25,83.19,71,100,6.85,overcast clouds
32,73.5069,80.5464,43.79,88,100,14.45,overcast clouds
33,50.6789,156.125,56.57,74,14,7.14,few clouds
34,-21.2,-175.2,80.76,89,75,12.66,broken clouds
35,-37.6167,-73.65,46.45,82,4,14.83,clear sky
36,65.6145,-37.6368,42.96,60,26,1.95,scattered clouds
37,-0.9131,122.8766,80.8,73,69,6.55,broken clouds
38,-24.7911,-50.0119,58.08,69,0,3.76,clear sky
39,21.4612,-71.1419,81.95,77,0,17.31,clear sky
40,35.7333,140.8333,99.28,73,100,6.85,overcast clouds
41,37.7333,-25.6667,68.72,83,20,2.3,few clouds
42,-46.1927,168.8643,44.47,81,73,10.27,broken clouds
43,-23.1203,-134.9692,72.57,73,46,20.89,scattered clouds
44,26.5881,127.9761,86.85,69,7,0.98,clear sky
45,28.2211,61.2158,78.15,26,18,5.99,few clouds
46,-33.9258,18.4232,58.37,87,75,5.75,broken clouds
47,5.4112,100.3354,76.98,89,40,5.75,scattered clouds
48,41.1239,-100.7654,87.69,41,0,12.66,clear sky
49,-5.3582,104.9744,78.66,87,100,2.28,overcast clouds
50,53.0452,158.6483,64.99,55,75,8.95,broken clouds
51,-12.1167,-77.05,61.02,84,75,12.66,broken clouds
52,41.1415,-73.3579,82.09,85,0,6.91,clear sky
53,7.7102,81.6924,81.54,70,100,15.48,light rain
54,-45.4167,167.7167,48.88,76,72,8.84,broken clouds
55,78.2186,15.6401,48.04,93,75,3.44,light rain
56,-21.2078,-159.775,75.25,57,100,10.36,overcast clouds
57,6.1241,81.1185,77.34,83,75,11.5,broken clouds
58,52.405,49.9583,61.75,85,0,7.11,clear sky
59,18.7369,7.3853,91.11,32,1,8.61,clear sky
60,16.5833,82.0167,84.72,71,99,4.38,overcast clouds
61,-8.6199,122.2111,81.66,61,55,2.01,broken clouds
62,59.7035,30.7861,58.8,93,47,4.85,scattered clouds
63,-15.7667,128.7333,85.98,35,10,9.22,clear sky
64,23.45,-110.2167,87.04,81,18,4.94,few clouds
65,-34.4187,19.2345,48.79,85,8,2.89,clear sky
66,-22.9661,-42.0278,69.33,88,0,6.08,clear sky
67,14.8961,-24.4956,77.36,83,38,6.08,scattered clouds
68,35.1333,140.3,87.17,74,98,12.84,overcast clouds
69,-5.1989,-35.4608,75.11,88,9,8.39,clear sky
70,27.2574,33.8129,89.64,29,0,11.5,clear sky
71,-2.5744,150.7967,84.02,72,34,16.37,light rain
72,-4.7561,11.8578,69.91,88,100,9.22,overcast clouds
73,28.3667,129.4833,85.12,84,12,10.09,few clouds
74,62.55,155.55,61.3,66,98,7.9,overcast clouds
75,-7.95,110.2833,80.38,78,95,7.02,overcast clouds
76,42.569,-0.5499,71.98,51,1,4.61,clear sky
77,-15.1961,12.1522,58.01,79,28,3.85,scattered clouds
78,44.382,125.1685,81.19,81,100,4.18,moderate rain
79,-2.6741,141.3028,85.62,68,100,10.49,overcast clouds
80,-42.7826,147.0587,57.92,82,91,1.99,overcast clouds
81,-28.65,153.6167,70.95,60,79,9.35,broken clouds
82,42.6858,26.3292,64.76,65,6,3.49,clear sky
83,27.2315,111.4525,90.12,54,11,3.71,few clouds
84,69.4541,-133.0374,53.6,87,75,13.8,broken clouds
85,-20.5167,57.5167,66.58,88,40,4.61,scattered clouds
86,18.3851,42.4509,59.52,69,71,2.46,broken clouds
87,5.9485,80.5353,77.2,87,100,19.06,overcast clouds
88,14.3,-91.9167,82.53,77,7,6.93,clear sky
89,4.6374,103.4368,78.73,94,20,0.0,few clouds
90,-34.5322,20.0403,48.99,88,15,3.76,few clouds
91,13.2167,-59.5167,83.01,86,20,17.27,few clouds
92,45.0205,-93.218,90.55,69,20,16.11,few clouds
93,71.0357,27.8492,49.95,100,100,5.75,overcast clouds
94,65.75,150.85,61.56,91,100,13.13,light rain
95,-9.8,-139.0333,77.34,74,12,13.0,few clouds
96,70.6333,147.9167,56.61,46,100,6.89,overcast clouds
97,50.2334,-63.5986,62.96,94,100,3.44,overcast clouds
98,1.0,-52.0,71.47,99,97,2.26,overcast clouds
99,-41.8697,-73.8203,45.23,91,100,4.56,overcast clouds
100,-17.9333,19.7667,54.36,29,5,5.3,clear sky
101,-10.3353,-67.1856,82.13,52,85,1.07,overcast clouds
102,42.7762,-9.0603,70.09,80,24,11.18,few clouds
103,9.0418,-69.7421,69.82,100,19,1.14,few clouds
104,-24.8667,113.6333,67.87,65,75,20.58,broken clouds
105,-21.6403,-41.0511,70.9,90,5,7.0,clear sky
106,-20.4081,57.7,66.49,88,40,4.61,scattered clouds
107,-21.3585,55.7679,65.21,83,54,11.32,light rain
108,42.1584,-72.3287,77.22,80,75,3.44,broken clouds
109,24.0934,32.907,85.3,20,0,4.61,clear sky
110,63.8424,-22.4338,48.15,81,75,13.8,broken clouds
111,7.9178,98.3332,82.22,77,100,8.57,light rain
112,20.5169,-13.0499,84.99,46,0,13.6,clear sky
113,-17.7125,-39.2481,69.06,86,0,4.34,clear sky
114,46.4333,26.4,54.52,71,0,4.9,clear sky
115,30.3333,10.85,83.53,33,7,13.15,clear sky
116,-4.2833,33.8833,65.71,52,3,7.14,clear sky
117,69.2167,-51.1,39.2,87,99,4.12,overcast clouds
118,-9.6658,-35.7353,74.64,94,100,5.75,overcast clouds
119,18.2164,42.5053,59.25,94,79,5.75,broken clouds
120,66.0449,-17.3389,45.14,98,100,18.52,overcast clouds
121,53.75,127.2667,76.21,58,31,3.83,scattered clouds
122,-25.2986,152.8535,71.02,75,71,5.99,broken clouds
123,-1.4558,-48.5044,80.64,83,40,12.66,scattered clouds
124,-12.2333,136.7667,81.21,78,75,12.66,broken clouds
125,44.0167,87.3167,84.99,30,0,2.24,clear sky
126,51.3813,1.3862,64.9,94,15,3.0,few clouds
127,37.1041,-113.5841,95.59,31,0,11.5,clear sky
128,54.7183,135.315,54.55,99,100,12.68,moderate rain
129,46.4856,135.8833,77.81,73,20,4.5,few clouds
130,45.5246,9.7484,78.15,67,22,4.61,few clouds
131,22.0752,-159.319,79.48,75,100,23.02,light rain
132,-5.5502,150.1429,92.12,48,47,4.99,scattered clouds
133,44.7407,-81.1332,63.05,77,20,0.0,few clouds
134,-35.1,173.7833,61.32,94,100,3.53,overcast clouds
135,-10.6167,150.6667,81.12,82,25,12.68,scattered clouds
136,-19.9842,57.6142,65.46,79,8,1.99,clear sky
137,69.4865,88.3972,49.21,52,14,3.65,few clouds
138,47.3078,31.7851,65.05,86,99,9.91,overcast clouds
139,49.7117,12.0872,66.6,85,0,0.0,clear sky
140,34.0556,-117.1825,91.53,42,73,3.0,broken clouds
141,-5.6667,132.75,79.97,83,81,13.2,broken clouds
142,77.484,-69.3632,44.29,62,18,2.77,few clouds
143,-41.1667,146.35,56.98,79,100,22.68,light rain
144,64.8378,-147.7164,68.0,78,100,8.05,light rain
145,58.2785,47.5164,58.78,79,97,4.43,overcast clouds
146,68.0546,166.4372,55.56,83,100,5.46,light rain
147,-42.8794,147.3294,58.26,66,75,17.27,broken clouds
148,60.4167,134.5333,76.37,53,100,8.84,overcast clouds
149,71.2906,-156.7887,53.98,53,99,8.57,overcast clouds
150,-1.5746,9.2618,70.56,89,78,5.35,broken clouds
151,61.67,96.37,54.05,87,100,2.24,overcast clouds
152,14.0,-11.0,76.19,86,42,5.1,light rain
153,33.5959,56.9244,80.82,22,0,2.3,clear sky
154,-33.0153,27.9116,66.13,57,81,3.8,broken clouds
155,-3.5622,-41.0922,68.31,74,30,3.13,scattered clouds
156,65.282,-126.8329,66.24,77,75,9.22,thunderstorm with rain
157,-15.4833,-44.3667,70.86,40,0,4.43,clear sky
158,53.8319,80.3406,63.37,58,44,5.7,scattered clouds
159,64.3833,-173.3,60.91,51,0,15.99,clear sky
160,50.2001,-66.3821,66.2,88,40,9.22,scattered clouds
161,-33.0117,17.9442,51.85,91,7,7.56,clear sky
162,40.2833,97.2,75.54,35,9,12.66,clear sky
163,-3.3667,135.4833,84.99,69,76,3.38,broken clouds
164,40.5982,-124.1573,67.93,83,40,12.66,scattered clouds
165,18.65,-74.1167,81.19,82,12,3.94,few clouds
166,54.9331,8.8667,66.24,88,100,11.25,overcast clouds
167,-38.2667,141.9667,59.54,68,25,20.04,light rain
168,42.9075,129.5078,86.92,65,65,2.53,broken clouds
169,14.2,24.6667,72.18,65,96,4.09,light rain
170,37.4779,47.0508,67.78,59,0,3.09,clear sky
171,-2.7469,-42.8264,75.96,86,7,5.32,clear sky
172,32.3502,-85.1999,74.48,94,75,8.05,moderate rain
173,60.8697,60.4153,58.19,67,20,1.59,few clouds
174,67.667,12.6934,53.46,79,93,19.24,overcast clouds
175,71.9667,102.5,47.46,63,100,6.49,overcast clouds
176,50.75,86.15,60.46,89,76,1.36,broken clouds
177,55.7435,-97.8558,57.36,94,75,3.44,broken clouds
178,47.3927,-122.0464,80.28,47,1,3.0,clear sky
179,-16.4833,-151.75,78.66,69,12,22.53,few clouds
180,6.4965,2.6036,74.14,79,100,8.05,overcast clouds
181,-13.7,-76.2167,60.85,82,20,10.36,mist
182,62.2266,-6.589,49.12,89,100,17.94,overcast clouds
183,55.1001,-105.2842,62.85,59,75,3.44,broken clouds
184,65.6835,-18.0878,44.53,93,100,14.97,overcast clouds
185,-38.0023,-57.5575,55.09,97,100,4.61,mist
186,1.4451,125.1824,83.25,70,23,10.4,few clouds
187,-35.3378,143.5544,67.28,40,1,17.56,clear sky
188,-11.6066,34.2907,66.25,76,3,3.67,clear sky
189,-3.6667,152.4333,84.06,69,19,9.8,light rain
190,20.931,-17.0347,73.38,83,3,10.36,clear sky
191,41.3535,-1.6432,78.94,37,43,1.16,scattered clouds
192,45.7667,24.2,57.63,88,0,5.01,clear sky
193,60.4667,166.1,60.48,63,8,6.04,clear sky
194,9.5334,31.6605,68.07,96,100,3.44,overcast clouds
195,-0.9492,100.3543,77.05,85,100,1.41,overcast clouds
196,-2.5364,-57.76,74.32,92,100,2.48,overcast clouds
197,56.3491,78.3619,57.58,70,6,5.95,clear sky
198,60.7253,114.9278,75.7,67,82,9.51,broken clouds
199,61.9875,5.1352,57.96,65,100,22.35,overcast clouds
200,50.6856,-121.942,82.92,37,32,6.24,scattered clouds
201,-51.6226,-69.2181,33.85,86,0,2.3,clear sky
202,48.9329,-125.5528,61.11,87,46,1.99,scattered clouds
203,-43.3002,-65.1023,43.05,61,0,7.52,clear sky
204,9.0622,-62.051,74.14,99,100,2.01,overcast clouds
205,-9.0122,-35.2225,75.09,89,99,6.26,overcast clouds
206,55.4334,-116.4858,64.02,53,60,5.55,broken clouds
207,2.3,111.8167,79.11,83,20,5.99,few clouds
208,51.8333,143.1667,57.67,90,100,12.91,overcast clouds
209,66.8333,70.8333,61.68,60,93,9.13,overcast clouds
210,45.5234,-122.6762,89.29,43,20,9.22,few clouds
211,28.2333,83.9833,73.65,91,100,0.43,overcast clouds
212,32.3513,-95.3011,93.42,40,71,11.74,broken clouds
213,56.7393,38.8563,60.37,77,100,4.63,overcast clouds
214,12.7111,104.8887,82.54,80,88,3.06,overcast clouds
215,-20.3428,57.7575,66.45,88,40,4.61,scattered clouds
216,-1.195,-46.02,75.88,90,12,6.22,few clouds
217,-0.6,73.0833,80.19,76,97,11.21,overcast clouds
218,-34.45,150.45,62.85,53,5,10.8,clear sky
219,-46.1333,167.6833,51.39,72,59,11.88,broken clouds
220,10.5333,76.05,76.6,93,100,15.32,overcast clouds
221,-3.8004,102.2655,76.96,86,100,2.59,overcast clouds
222,6.7533,-11.3686,76.37,83,76,7.78,light rain
223,52.6333,29.7333,62.73,93,99,8.93,overcast clouds
224,15.85,-97.0667,82.17,81,79,2.68,broken clouds
225,15.1333,-23.2167,79.59,80,39,4.99,scattered clouds
226,-20.4,164.5667,80.02,70,57,2.91,broken clouds
227,43.2,51.65,81.5,34,0,9.55,clear sky
228,54.0831,-0.1919,68.29,76,80,18.32,broken clouds
229,38.8876,-76.5119,83.75,84,33,5.53,scattered clouds
230,40.8167,-82.2665,71.96,87,0,3.31,clear sky
231,47.7333,-3.4333,66.81,84,0,4.61,clear sky
232,59.0556,80.8572,58.78,69,0,9.48,clear sky
233,7.85,9.7833,70.12,95,100,2.64,overcast clouds
234,46.6806,113.2792,80.49,46,0,3.47,clear sky
235,70.3705,31.1107,51.78,100,100,16.11,overcast clouds
236,9.3503,-65.3245,73.42,97,100,4.5,overcast clouds
237,34.6667,138.95,93.11,66,45,13.53,scattered clouds
238,13.7667,109.2333,83.77,71,76,4.7,broken clouds
239,47.6666,-52.7314,65.57,81,40,11.5,scattered clouds
240,66.0,111.5,42.51,97,100,20.47,moderate rain
241,64.8945,-23.7142,47.7,68,81,9.44,broken clouds
242,30.4833,-115.95,72.12,78,100,12.66,overcast clouds
243,60.8953,131.9608,74.48,72,83,2.19,broken clouds
244,30.011,120.5715,91.35,51,0,4.52,clear sky
245,49.7833,-92.7503,71.89,78,100,18.41,overcast clouds
246,-34.4833,-54.3333,53.55,95,93,4.85,overcast clouds
247,68.75,161.3,50.72,90,100,9.86,overcast clouds
248,35.1664,47.8045,70.14,28,6,1.28,clear sky
249,60.9167,-46.05,44.85,79,22,1.83,few clouds
250,20.8667,-90.4,81.12,82,30,18.12,scattered clouds
251,43.5167,-8.1528,70.03,91,65,11.03,broken clouds
252,2.6708,72.8944,80.42,77,98,16.62,overcast clouds
253,-10.4544,161.9205,85.14,70,70,12.39,broken clouds
254,-14.9003,50.2788,64.98,83,8,7.85,clear sky
255,-46.2817,169.8464,51.73,70,48,14.9,scattered clouds
256,-35.1667,173.1667,62.55,69,100,2.08,overcast clouds
257,22.6783,-3.9836,99.36,9,81,6.55,broken clouds
258,-7.2597,-34.9075,72.86,100,0,4.61,clear sky
259,54.2693,41.4465,58.87,78,100,6.2,overcast clouds
260,60.1432,-45.2371,45.14,80,16,7.94,few clouds
261,-16.7,-151.0167,78.35,70,34,22.73,scattered clouds
262,-16.5167,-151.75,78.64,69,8,22.53,clear sky
263,-19.9833,23.4167,64.36,55,0,8.05,clear sky
264,36.9559,36.2,76.66,90,60,0.22,broken clouds
265,-27.6342,-52.2739,58.57,89,3,2.51,clear sky
266,60.7522,-137.5108,57.15,67,100,5.75,overcast clouds
267,7.5264,-12.505,74.82,82,55,5.06,broken clouds
268,40.4723,50.333,73.54,63,93,7.0,overcast clouds
269,-23.865,35.3833,62.58,70,13,3.87,few clouds
270,-0.8667,134.0833,81.64,75,96,1.77,overcast clouds
271,40.6576,-73.5832,86.25,66,29,4.38,scattered clouds
272,-7.6142,-72.8958,75.27,100,0,0.0,clear sky
273,59.6481,67.41,60.33,63,12,3.13,few clouds
274,22.8909,-109.9124,87.62,71,7,8.99,clear sky
275,-34.0527,23.3716,58.95,60,23,3.15,few clouds
276,-26.4,-54.7667,63.37,79,0,2.33,clear sky
277,-11.0964,-77.6139,61.43,84,36,13.04,scattered clouds
278,21.1167,70.1167,81.79,82,100,8.34,overcast clouds
279,52.6581,17.9558,64.99,84,100,5.37,overcast clouds
280,39.1834,-84.5333,79.09,78,15,1.77,few clouds
281,-16.6228,-72.7111,59.59,83,28,5.7,scattered clouds
282,40.4272,71.7189,72.32,56,7,2.3,clear sky
283,-14.9758,-41.4108,65.03,77,1,3.69,clear sky
284,-33.6971,-53.4616,55.22,93,93,8.39,overcast clouds
285,-33.918,25.5701,62.31,64,0,5.75,clear sky
286,66.7697,123.3711,52.77,52,91,19.26,overcast clouds
287,-22.2763,166.4572,78.78,99,95,8.46,overcast clouds
288,41.7178,-8.8571,63.0,96,11,5.14,few clouds
289,48.7555,-91.6216,65.37,96,100,10.67,overcast clouds
290,71.6872,128.8694,40.3,85,100,6.17,overcast clouds
291,-28.4478,21.2561,48.58,93,40,1.14,scattered clouds
292,13.1969,-88.0544,81.55,67,100,4.54,overcast clouds
293,37.4636,-122.4286,80.02,79,100,9.22,overcast clouds
294,13.6017,26.6876,80.94,59,74,11.14,broken clouds
295,23.6139,58.5922,88.18,75,62,8.7,broken clouds
296,49.6,117.4333,82.9,51,69,12.17,broken clouds
297,5.3505,48.5268,75.47,80,16,22.66,few clouds
298,48.4488,-68.524,64.58,82,4,7.76,clear sky
299,51.6199,73.1033,63.66,63,57,11.01,broken clouds
300,8.1222,-63.5497,77.05,86,99,11.77,overcast clouds
301,50.1,1.8333,63.5,91,42,3.15,scattered clouds
302,71.9167,114.0833,46.17,66,100,12.48,overcast clouds
303,45.2514,77.9838,82.27,25,60,3.47,broken clouds
304,60.8156,-115.7999,66.18,48,40,9.22,scattered clouds
305,64.8569,-147.8028,67.98,78,100,8.05,overcast clouds
306,1.7471,40.0573,72.66,62,43,14.81,scattered clouds
307,54.0359,19.0266,62.58,68,100,6.31,overcast clouds
308,-8.7522,-67.3978,77.16,69,12,3.02,few clouds
309,-45.5752,-72.0662,38.01,87,0,4.61,clear sky
310,-18.475,-70.3042,61.03,67,100,5.75,overcast clouds
311,32.25,67.25,73.74,27,0,4.56,clear sky
312,-28.24,-48.6703,65.08,95,27,4.0,scattered clouds
313,15.0,-83.2333,80.89,87,100,13.67,overcast clouds
314,38.7333,-27.0667,75.45,83,75,7.49,broken clouds
315,34.7911,114.3483,91.08,59,0,6.8,clear sky
316,-0.7193,8.7815,74.23,79,21,11.12,few clouds
317,3.8801,-77.0312,74.62,96,100,1.54,overcast clouds
318,-16.7333,-151.4333,78.37,71,9,23.0,clear sky
319,11.0297,20.2827,71.17,95,97,5.01,overcast clouds
320,33.0833,-16.3333,65.62,77,75,14.97,broken clouds
321,35.3029,37.1841,74.79,71,0,6.73,clear sky
322,37.1666,-120.7516,98.94,21,92,11.54,overcast clouds
323,61.4732,-6.8119,50.47,86,100,8.99,overcast clouds
324,37.5732,32.7745,69.06,49,0,6.93,clear sky
325,-17.8,-63.1667,80.06,61,75,11.5,broken clouds
326,-2.0226,147.2712,83.77,76,100,14.67,overcast clouds
327,0.5333,72.9333,80.26,77,99,10.0,overcast clouds
328,-36.7167,-73.1167,46.08,87,0,4.61,clear sky
329,54.8167,54.0,59.79,90,7,4.81,clear sky
330,2.235,32.9097,60.69,96,99,2.08,overcast clouds
331,62.0989,126.6992,73.71,67,62,4.16,broken clouds
332,7.7669,-72.225,68.18,86,97,2.37,overcast clouds
333,-0.4139,-65.0192,73.74,94,77,1.81,broken clouds
334,3.7833,72.9667,81.9,75,70,17.69,broken clouds
335,-6.2167,155.6333,84.65,68,79,8.88,light rain
336,65.9939,57.5281,65.73,70,64,10.74,broken clouds
337,21.3469,-158.0858,82.0,62,0,16.22,clear sky
338,3.0707,172.7902,81.73,76,53,15.01,broken clouds
339,-31.4135,-64.1811,63.25,54,0,3.44,clear sky
340,45.2946,38.1138,68.63,91,1,5.1,clear sky
341,28.6585,-17.9182,67.75,83,75,18.41,broken clouds
342,43.6702,-7.4101,67.98,95,100,8.9,overcast clouds
343,-5.795,-35.2094,75.42,94,20,2.3,few clouds
344,27.9769,-114.0611,73.44,73,31,16.42,scattered clouds
345,-11.6408,-42.0111,64.42,70,26,6.78,scattered clouds
346,20.4487,121.9702,82.38,77,100,17.02,overcast clouds
347,-3.945,122.4989,83.41,65,51,4.12,broken clouds
348,60.7161,-135.0538,63.37,55,75,12.66,broken clouds
349,-45.8667,-67.5,42.66,56,0,4.61,clear sky
350,29.8962,69.252,78.19,70,0,3.44,clear sky
351,59.5667,150.8,61.54,87,90,10.09,overcast clouds
352,43.0369,74.7114,68.04,77,40,6.71,scattered clouds
353,44.7631,-85.6206,71.8,72,67,3.0,broken clouds
354,26.8661,104.2841,65.3,80,91,8.41,overcast clouds
355,50.2797,57.2072,62.69,88,0,6.71,clear sky
356,65.7,82.4667,54.7,56,19,14.05,few clouds
357,38.4953,102.1739,75.88,59,8,8.25,clear sky
358,65.4167,-52.9,43.09,91,88,6.06,overcast clouds
359,60.0837,10.0966,61.54,99,98,2.73,overcast clouds
360,32.3333,-117.0333,83.66,66,5,12.57,clear sky
361,-8.9266,125.4092,73.17,34,92,2.93,overcast clouds
362,20.0431,-77.5828,80.38,79,14,7.11,few clouds
363,59.3833,143.3,61.86,79,99,8.77,overcast clouds
364,-32.7167,152.15,64.0,52,38,7.2,scattered clouds
365,-35.1167,139.2667,63.12,38,0,16.02,clear sky
366,33.194,-82.5271,83.71,57,29,4.43,scattered clouds
367,42.6191,-113.6772,79.18,44,64,14.81,broken clouds
368,11.6667,92.75,77.04,88,100,3.44,drizzle
369,-24.4875,-47.8436,60.66,99,25,0.78,scattered clouds
370,36.2946,-76.2511,83.05,90,97,5.97,overcast clouds
371,23.0167,75.2167,75.56,89,100,7.65,overcast clouds
372,-30.1811,-50.2056,60.69,88,99,10.11,overcast clouds
373,-28.7323,24.7623,50.77,83,98,12.37,overcast clouds
374,36.6864,52.5225,80.4,72,11,3.74,few clouds
375,-13.8483,136.4192,80.51,71,76,10.13,broken clouds
376,65.6118,72.6842,62.96,54,11,3.44,few clouds
377,57.0531,-135.33,56.12,90,99,5.08,light rain
378,8.0563,-1.7306,67.69,91,91,4.54,overcast clouds
379,66.9395,-53.6735,42.96,93,66,2.01,broken clouds
380,40.8021,-124.1637,68.2,82,31,1.99,scattered clouds
381,-34.7333,135.8667,62.04,50,0,28.48,clear sky
382,52.0428,33.9453,61.36,96,100,7.11,overcast clouds
383,4.9333,-52.3333,80.1,1,75,3.44,broken clouds
384,45.4094,141.6739,69.06,83,47,9.13,scattered clouds
385,-20.7333,139.5,85.77,25,17,11.5,few clouds
386,68.1214,13.5031,51.24,81,29,12.71,scattered clouds
387,46.4083,-105.8406,84.24,24,46,18.66,scattered clouds
388,18.6853,12.9164,87.6,43,6,7.63,clear sky
389,68.0531,39.5131,53.78,98,100,4.97,moderate rain
390,39.2446,55.5154,85.51,30,0,8.55,clear sky
391,-20.2333,164.0167,74.93,87,4,18.39,clear sky
392,25.8,-99.1667,88.02,49,96,27.89,overcast clouds
393,61.95,159.2333,52.9,96,100,7.67,light rain
394,5.7947,0.8973,73.27,81,41,14.23,scattered clouds
395,51.4,46.0333,69.31,52,1,7.25,clear sky
396,6.2,10.6667,55.98,96,88,2.37,overcast clouds
397,42.2506,-75.833,67.98,83,0,1.01,clear sky
398,15.1981,102.0358,87.1,72,93,3.87,overcast clouds
399,-21.3667,55.6167,64.2,83,50,11.48,light rain
400,25.5333,-103.25,88.3,23,44,12.62,scattered clouds
401,28.4914,66.2585,75.16,53,3,1.61,clear sky
402,57.0761,64.2601,57.34,74,0,4.85,clear sky
403,14.9709,8.8879,78.35,67,38,7.34,scattered clouds
404,26.0023,63.044,81.68,84,90,4.52,overcast clouds
405,36.521,46.2089,77.41,23,0,5.48,clear sky
406,-10.3833,39.15,63.63,97,41,1.79,scattered clouds
407,56.2358,96.065,59.41,58,16,7.96,few clouds
408,51.8,68.3333,61.52,75,33,12.24,scattered clouds
409,35.1894,-114.053,97.12,20,49,4.0,scattered clouds
410,29.5667,-104.4167,99.55,26,0,11.5,clear sky
411,-25.1667,45.05,60.96,74,0,9.75,clear sky
412,4.1363,96.1285,77.02,84,100,1.54,moderate rain
413,65.85,74.4859,61.83,53,12,3.15,few clouds
414,-33.8667,121.9,53.44,57,37,32.95,scattered clouds
415,20.5022,-10.0711,90.45,39,8,17.58,clear sky
416,51.3088,119.61,76.93,56,100,4.81,overcast clouds
417,21.4267,39.8261,83.08,66,49,5.26,scattered clouds
418,34.9833,134.9667,88.05,50,2,6.58,clear sky
419,-2.9506,12.7261,66.49,91,100,3.98,overcast clouds
420,44.0625,-103.1463,83.44,35,100,3.0,overcast clouds
421,69.7008,170.3133,38.16,99,100,3.98,light rain
422,46.4665,-120.6678,89.85,16,0,19.57,clear sky
423,-26.6481,15.1594,53.4,81,0,4.65,clear sky
424,58.4497,92.1703,53.02,78,100,4.94,overcast clouds
425,36.175,-115.1372,101.77,35,61,3.0,broken clouds
426,-33.0393,-71.6273,53.47,85,0,8.46,clear sky
427,18.55,-88.25,80.92,84,0,9.1,clear sky
428,39.05,-27.9833,73.99,86,96,16.28,overcast clouds
429,4.3189,17.4695,67.64,96,62,1.95,light rain
430,69.3833,178.4167,49.64,69,100,7.78,overcast clouds
431,40.7391,-114.0733,79.66,39,62,9.91,broken clouds
432,8.25,34.5833,65.48,92,80,2.3,broken clouds
433,-18.0607,13.84,45.93,17,99,1.39,overcast clouds
434,62.1444,117.6319,72.34,71,73,9.44,broken clouds
435,38.7839,63.8803,82.94,27,1,4.34,clear sky
436,56.4763,53.7978,60.15,87,55,4.25,broken clouds
437,-12.0667,134.2667,85.82,58,100,11.86,overcast clouds
438,64.5667,143.2,76.8,50,94,6.2,overcast clouds
439,3.3803,-59.7968,75.09,91,98,5.01,overcast clouds
440,49.0333,104.0833,58.6,95,100,4.18,overcast clouds
441,-8.145,159.5921,84.88,70,27,10.87,light rain
442,69.1304,18.6123,52.52,93,75,4.61,broken clouds
443,40.2015,-77.1889,77.04,80,1,5.57,clear sky
444,21.4447,-157.8378,83.19,66,2,5.99,clear sky
445,68.3499,-133.7218,59.38,54,100,13.18,overcast clouds
446,4.1748,73.5089,82.35,78,75,19.57,broken clouds
447,12.7794,45.0367,84.04,73,9,5.53,clear sky
448,60.5544,-151.2583,66.02,84,99,3.02,overcast clouds
449,39.9667,-0.25,76.89,61,0,4.14,clear sky
450,10.5669,72.642,80.31,79,100,22.86,light rain
451,24.4667,54.3667,95.11,49,0,2.3,clear sky
452,4.9533,-77.366,76.05,90,100,2.44,light rain
453,-15.8631,-38.8828,70.52,84,0,4.92,clear sky
454,26.6208,-78.2833,83.52,67,0,11.18,clear sky
455,28.4769,-82.5255,86.05,76,0,4.61,clear sky
456,-5.5569,-80.8222,64.6,81,0,12.95,clear sky
457,33.7333,135.9833,93.07,51,66,3.15,broken clouds
458,65.0083,53.9113,62.92,65,58,4.94,broken clouds
459,43.5206,68.5094,73.42,50,50,3.02,scattered clouds
460,37.268,-77.4073,81.63,93,0,0.0,clear sky
461,65.9667,78.3667,60.17,63,85,8.03,overcast clouds
462,41.7057,-70.2286,77.47,89,0,17.27,clear sky
463,54.7804,-127.1743,60.98,70,93,5.21,overcast clouds
464,39.8434,-86.3978,75.88,82,0,1.01,clear sky
465,20.6667,-102.5833,69.35,66,88,0.92,overcast clouds
466,50.7214,136.6319,63.99,96,100,2.91,moderate rain
467,42.1167,118.7833,86.32,52,3,4.5,clear sky
468,-22.6667,167.4833,72.28,88,84,14.2,broken clouds
469,35.1833,132.5,84.45,72,21,14.74,few clouds
470,28.017,-97.5169,87.19,70,9,18.07,clear sky
471,20.1986,1.0114,87.84,31,100,6.62,overcast clouds
472,48.0056,91.6419,71.1,32,18,2.28,few clouds
473,64.75,177.4833,68.5,49,20,11.18,few clouds
474,49.6,-114.4353,74.52,29,97,10.54,overcast clouds
475,39.9523,-75.1638,83.7,70,9,1.99,clear sky
476,47.8667,88.1167,72.36,39,4,3.13,clear sky
477,-22.116,14.2845,52.59,79,17,5.28,few clouds
478,9.5217,-6.4869,69.3,97,100,4.32,overcast clouds
479,18.55,31.85,87.17,42,99,12.12,overcast clouds
480,29.5833,-9.5,87.62,22,52,2.1,broken clouds
481,-0.6136,-47.3561,78.62,86,31,12.39,scattered clouds
482,22.4833,103.95,85.06,76,39,1.41,scattered clouds
483,24.2908,-103.3944,75.22,33,82,5.73,broken clouds
484,64.2539,-15.2082,49.21,71,73,8.03,broken clouds
485,55.3422,-131.6461,60.78,88,100,4.61,light rain
486,40.9725,117.9361,87.24,63,70,2.8,broken clouds
487,14.9215,-23.5087,77.54,83,20,2.3,few clouds
488,4.375,-7.7169,74.88,76,100,6.71,overcast clouds
489,-8.8978,-35.1478,75.31,89,96,5.26,overcast clouds
490,46.6195,7.0567,67.41,69,53,5.99,broken clouds
491,13.5,100.45,84.22,84,100,11.52,overcast clouds
492,10.1483,-85.452,72.91,97,100,1.54,light rain
493,-21.1333,164.9,79.75,72,74,7.87,broken clouds
494,-2.9248,-39.9167,77.86,81,9,11.81,clear sky
495,-16.5,-68.15,46.2,72,98,2.33,overcast clouds
496,60.05,69.9,61.05,62,15,3.02,few clouds
497,55.9333,158.7,51.46,92,100,3.4,light rain
498,21.3156,-158.0072,84.15,56,20,16.11,few clouds
499,-15.4606,-55.7497,69.46,26,18,5.99,few clouds
500,56.45,138.1667,56.55,97,100,11.25,overcast clouds
501,43.9098,67.2495,75.7,45,58,6.8,broken clouds
502,-15.7167,46.3167,66.18,69,0,10.27,clear sky
503,-39.0333,-67.5833,46.78,39,0,4.27,clear sky
504,40.1629,-8.3327,60.66,94,33,1.7,scattered clouds
505,12.1646,-61.7296,80.08,79,9,17.43,clear sky
506,42.0156,121.6589,87.3,66,7,8.14,clear sky
507,44.0361,39.1489,73.9,83,5,4.65,clear sky
508,-7.8447,-79.1469,57.74,88,51,7.07,broken clouds
509,38.0386,14.0229,81.54,54,0,3.0,clear sky
510,-12.1667,17.3333,61.59,48,53,3.09,broken clouds
511,36.0998,0.4206,78.53,44,0,5.79,clear sky
512,-19.65,47.3167,43.16,94,1,1.9,clear sky
513,68.2191,-135.0107,53.46,62,100,13.44,overcast clouds
514,39.3558,-9.3811,68.29,93,100,15.59,overcast clouds
515,-31.393,-58.0209,58.78,93,67,5.01,broken clouds
516,4.7717,33.5903,68.32,78,59,4.18,broken clouds
517,55.2999,-123.1698,61.02,67,100,8.05,overcast clouds
518,2.1837,-73.7849,70.02,98,72,2.75,broken clouds
519,-22.0,15.6,46.78,28,20,6.51,few clouds
520,57.79,-152.4072,67.51,45,0,33.38,clear sky
521,52.7939,89.8983,59.5,91,95,1.14,overcast clouds
522,26.5412,-77.0636,82.35,69,0,11.23,clear sky
523,47.9714,80.4392,70.84,54,85,11.99,overcast clouds
524,27.6667,85.3333,71.98,94,75,0.0,broken clouds
525,-37.8333,140.7667,58.91,67,75,23.02,broken clouds
526,-21.3393,55.4781,65.91,79,40,5.75,scattered clouds
527,-22.092,-70.1979,59.02,74,17,5.99,few clouds
528,-6.8844,112.2051,81.12,79,100,6.55,overcast clouds
529,59.5855,29.3176,54.27,97,15,5.7,few clouds
530,-32.8908,-68.8272,52.93,52,7,4.25,clear sky
531,53.9667,121.9667,78.8,50,44,4.5,scattered clouds
532,49.4833,-113.952,76.87,31,97,17.27,overcast clouds
533,-3.9014,-38.3911,80.19,86,45,8.84,scattered clouds
534,25.5198,90.2201,76.5,94,100,3.09,overcast clouds
535,42.2209,-70.9398,80.62,86,100,3.44,overcast clouds
536,14.05,-88.0167,56.84,90,83,6.53,broken clouds
537,31.4677,-97.1147,96.8,36,0,11.5,clear sky
538,36.3868,4.3989,71.96,52,32,2.62,scattered clouds
539,-8.345,113.6058,81.82,71,96,4.07,overcast clouds
540,19.4667,-104.65,79.29,88,86,1.36,overcast clouds
541,43.2128,-75.4557,68.95,86,1,2.95,clear sky
542,51.1786,49.6769,65.75,67,0,6.89,clear sky
543,-11.3847,43.2844,74.57,72,2,5.32,clear sky
544,-25.1008,-52.8781,61.03,66,0,2.3,clear sky
545,-45.8742,170.5036,54.57,61,41,14.88,scattered clouds
546,53.7964,-1.5477,69.33,84,75,13.8,broken clouds
547,-9.4431,147.1797,82.89,69,44,4.18,scattered clouds
548,-17.4667,16.3333,50.13,22,96,1.63,overcast clouds
549,-8.3791,-74.5539,78.84,78,75,5.75,broken clouds
550,30.2169,-90.9001,79.0,92,100,2.8,overcast clouds
551,2.7858,24.73,66.9,86,92,0.78,overcast clouds
552,-5.0892,-81.1144,64.49,85,1,13.42,clear sky
553,56.2669,91.0828,55.53,70,100,5.5,overcast clouds
554,-8.1181,111.8935,79.83,80,100,5.44,overcast clouds
555,-6.9181,106.9267,75.52,78,100,0.18,overcast clouds
556,-2.8833,-78.9833,59.13,77,75,4.61,broken clouds
557,50.6996,-127.4199,57.38,94,100,5.75,light rain
558,10.3744,10.7288,68.97,97,100,6.89,overcast clouds
559,66.5606,67.7975,62.31,61,66,9.19,broken clouds
560,-34.426,-58.5796,57.22,90,0,2.3,clear sky
561,28.419,30.7792,79.05,54,2,9.66,clear sky
562,39.7008,122.9911,84.4,75,0,5.66,clear sky
563,-20.3297,-40.2925,73.35,91,0,6.91,clear sky
564,-18.8386,-50.1214,75.0,37,5,5.12,clear sky
565,3.9833,13.1833,65.53,96,54,3.67,broken clouds
566,29.0605,-13.564,70.02,83,0,26.46,clear sky
567,68.2114,14.4817,46.42,88,32,10.76,scattered clouds
568,59.5336,33.9167,56.26,97,67,2.8,broken clouds
569,41.1702,75.8106,55.78,77,100,1.52,overcast clouds
570,-38.5473,-58.7368,51.1,89,100,7.36,overcast clouds
571,-1.95,18.2667,70.84,71,93,5.08,overcast clouds
572,30.9872,34.9314,72.45,74,5,4.83,clear sky
573,-44.7,169.15,44.73,92,70,7.83,broken clouds
574,15.5667,108.4833,87.57,62,77,0.43,broken clouds
575,17.4924,44.1277,74.64,65,53,5.97,broken clouds
576,41.2835,-70.0995,77.11,94,75,6.91,mist
577,14.3122,121.1114,88.11,77,79,5.26,broken clouds
578,26.1906,-97.6961,87.06,80,0,19.57,clear sky
579,32.6881,128.8419,83.55,82,1,9.73,clear sky
580,11.2985,2.4386,71.42,96,99,3.83,overcast clouds
581,-8.7619,-63.9039,78.85,73,0,2.3,clear sky
582,18.0333,73.0167,80.67,82,100,4.29,overcast clouds
583,13.8333,-88.9167,71.06,94,100,2.19,overcast clouds
584,58.8353,125.4869,75.65,62,100,2.53,light rain
585,37.9407,22.9573,75.88,51,0,3.2,clear sky
586,42.8,93.45,78.46,48,4,5.37,clear sky
587,65.9811,60.3094,63.95,54,100,5.73,overcast clouds
588,58.8053,-122.7002,56.79,94,100,4.61,thunderstorm with light rain
589,-16.2325,39.9086,71.04,81,0,7.9,clear sky
590,-10.0681,-78.1522,62.8,84,52,10.71,broken clouds
591,41.9563,42.9566,63.97,95,28,2.89,scattered clouds
592,65.3172,21.4794,51.89,76,46,5.19,scattered clouds
593,70.8578,29.0864,51.6,100,100,8.05,fog
594,47.6136,-68.7964,62.87,78,2,7.05,clear sky
595,65.5333,72.5167,63.34,54,15,3.51,few clouds
596,54.3161,-130.3201,55.49,94,100,2.3,overcast clouds
597,43.2167,27.9167,68.14,83,1,4.61,clear sky
598,31.61,34.7642,79.39,100,0,1.39,clear sky
599,-8.4667,140.3333,83.1,73,87,9.13,overcast clouds
600,50.5667,123.7167,84.52,42,6,2.46,clear sky
601,-2.65,10.0,69.26,95,87,6.06,overcast clouds
602,52.1667,-103.5343,53.69,95,100,18.48,overcast clouds
603,-9.2895,-76.0088,68.2,98,4,2.06,clear sky
604,-19.6828,-44.8903,67.84,46,12,4.38,few clouds
605,1.1983,-70.1733,68.34,99,90,1.41,overcast clouds
606,36.6828,-101.4816,87.8,35,0,8.05,clear sky
607,43.6921,-116.4935,84.81,47,0,4.61,haze
608,55.4211,55.5428,58.6,87,5,5.01,clear sky
609,-18.9167,47.8,51.49,96,21,3.4,few clouds
610,67.6713,53.087,62.26,65,100,5.19,overcast clouds
611,-22.5164,-63.8013,70.59,59,36,4.14,scattered clouds
612,-10.5833,35.4,60.22,75,97,2.33,overcast clouds
613,-9.8756,-56.0861,74.43,36,100,3.96,overcast clouds
614,34.8791,-76.9013,83.95,90,54,1.01,broken clouds
615,-25.5333,152.7,71.11,57,55,3.47,broken clouds
616,7.2155,121.952,83.1,74,84,1.07,broken clouds
617,12.0769,15.0306,71.83,89,72,7.05,broken clouds
618,5.9749,116.0724,84.18,84,20,0.0,few clouds
619,36.7281,-108.2187,90.28,22,0,11.5,clear sky
620,-28.55,16.4333,51.85,92,0,4.09,clear sky
621,68.8193,-51.1922,48.45,96,100,4.43,overcast clouds
622,69.3,139.9,49.8,67,100,3.91,overcast clouds
623,70.4692,-68.5914,39.43,100,100,2.3,overcast clouds
624,-28.8667,153.5667,72.01,69,81,7.94,broken clouds
625,14.0453,124.1694,85.24,71,100,4.52,overcast clouds
626,-1.0217,-46.635,74.97,92,8,4.05,clear sky
627,-12.7336,45.2042,73.11,88,20,3.44,few clouds
628,-3.1019,-60.025,82.89,78,0,6.91,clear sky
629,42.2667,27.7667,68.47,82,0,5.17,clear sky
630,-25.9636,28.1378,50.58,88,96,4.92,overcast clouds
631,40.3001,-74.1663,86.83,66,0,3.44,clear sky
632,13.35,-15.75,76.26,92,99,5.46,light rain
633,4.8699,-2.2405,72.14,78,4,7.11,clear sky
634,48.6,133.8167,79.07,74,27,4.45,scattered clouds
635,-7.0981,109.3243,82.0,69,100,0.83,overcast clouds
636,56.9064,118.2631,74.97,52,69,2.06,broken clouds
637,37.3886,-2.1495,75.94,50,1,0.38,clear sky
638,31.953,12.0261,71.1,66,1,5.35,clear sky
639,32.3669,-81.3332,86.43,79,54,4.25,broken clouds
640,16.8634,-99.8901,85.82,74,75,3.44,broken clouds
641,46.3333,2.6,60.71,87,13,3.15,few clouds
642,64.8621,11.2373,56.03,80,100,13.11,light rain
643,14.1022,-1.6306,82.26,64,94,6.91,overcast clouds
644,31.3525,27.2453,78.46,76,0,7.54,clear sky
645,-14.7203,-56.3275,76.3,30,18,4.43,few clouds
646,42.0356,0.1269,77.54,52,0,4.94,clear sky
647,-20.0064,57.6608,66.38,79,11,1.01,few clouds
648,51.226,-58.6502,62.53,95,66,13.18,broken clouds
649,59.6425,-151.5483,62.47,79,0,5.99,clear sky
650,-25.2406,130.9889,77.52,38,7,18.43,clear sky
651,-9.1667,-60.6333,78.21,45,100,2.35,overcast clouds
652,39.447,-86.1758,75.18,90,0,6.06,clear sky
653,43.3665,-124.2179,70.99,88,0,13.8,clear sky
654,9.55,-79.65,79.72,90,100,3.09,overcast clouds
655,-9.0763,143.2092,81.99,80,22,15.14,few clouds
656,32.2687,-107.7586,89.49,25,75,14.97,broken clouds
657,10.8956,-1.0921,73.65,90,100,4.29,overcast clouds
658,22.6163,120.3133,87.75,68,75,8.05,broken clouds
659,-13.2,49.05,60.13,84,0,3.74,clear sky
660,40.8736,71.1089,70.29,53,31,4.29,scattered clouds
661,27.0998,-82.4543,86.05,84,0,1.01,clear sky
662,-22.9575,14.5053,52.09,72,3,2.19,clear sky
663,34.6391,-120.4579,78.94,84,0,12.66,clear sky
664,-17.5333,-149.3333,82.42,74,7,23.4,clear sky
665,-8.7597,-35.1047,75.09,90,90,3.13,overcast clouds
666,-3.2033,-52.2064,76.68,79,92,2.3,overcast clouds
667,60.34,102.2797,57.38,92,100,4.74,overcast clouds
668,18.2,-73.75,77.97,81,17,4.0,few clouds
669,53.6039,91.3903,59.86,77,0,4.47,clear sky
670,40.6689,36.5675,70.52,93,100,3.47,overcast clouds
671,49.6501,-108.4181,70.66,37,0,16.53,clear sky
672,-10.1,-76.5833,44.4,93,61,3.13,broken clouds
673,66.1451,-65.7125,46.78,81,63,1.5,broken clouds
674,-20.1,146.2667,76.37,51,0,10.69,clear sky
675,59.7654,60.0085,56.86,72,16,0.83,few clouds
676,-10.7481,-62.2158,77.99,45,62,2.51,broken clouds
677,-29.9533,-71.3436,53.33,76,100,1.14,overcast clouds
678,13.6393,4.0287,79.5,76,100,6.44,overcast clouds
679,18.7333,-103.6833,80.76,84,84,2.1,broken clouds
680,14.9167,78.0167,83.32,67,100,2.39,overcast clouds
681,15.25,-61.3833,80.96,78,100,14.97,overcast clouds
682,-21.55,167.8833,75.4,86,99,12.46,overcast clouds
683,-6.1349,12.3689,68.58,89,55,10.78,broken clouds
684,39.0911,-94.4155,92.19,57,0,14.97,clear sky
685,61.994,-49.6678,44.22,87,99,6.26,overcast clouds
686,-31.4333,152.9167,65.89,46,33,6.62,scattered clouds
687,-23.6678,-46.4614,68.36,71,0,3.04,clear sky
688,-18.15,-63.8667,52.56,99,54,3.58,broken clouds
689,-7.3817,108.2082,78.89,73,76,2.89,broken clouds
690,-34.5703,-59.105,55.94,92,3,1.99,clear sky
691,2.3455,102.1107,79.02,83,100,3.31,light rain
692,59.9757,31.0376,58.95,10,20,6.13,few clouds
693,-20.2208,-70.1431,59.04,77,56,3.24,broken clouds
694,-16.9167,145.7667,84.07,65,40,14.97,scattered clouds
695,40.0824,49.412,78.39,61,5,2.48,clear sky
696,-31.95,141.4333,72.52,34,0,26.11,clear sky
697,32.2994,-9.2372,71.74,88,4,12.91,clear sky
698,37.2698,-81.2223,71.06,84,0,4.61,clear sky
699,10.9995,122.6711,85.64,73,99,6.46,overcast clouds
700,23.0167,77.0167,77.09,86,100,5.91,overcast clouds
701,-2.2,-78.8333,48.6,87,42,6.15,scattered clouds
702,17.9833,-102.2333,82.47,77,62,6.42,broken clouds
703,-24.8333,16.9833,46.02,82,3,6.55,clear sky
704,0.5714,33.7417,61.2,96,7,1.86,clear sky
705,-24.0058,-46.4028,71.74,26,0,4.41,clear sky
706,4.1213,43.8894,70.99,67,96,17.65,overcast clouds
707,-0.8833,29.65,61.77,92,56,2.66,broken clouds
708,13.4346,123.1905,83.62,75,100,2.39,overcast clouds
709,2.9,11.15,65.43,97,100,2.24,overcast clouds
710,-3.4167,114.85,80.69,89,20,2.3,few clouds
711,30.8327,-83.2785,80.55,77,20,11.5,few clouds
712,58.9959,16.2072,58.73,85,92,8.12,overcast clouds
713,14.4572,-4.9169,83.01,58,88,6.51,overcast clouds
714,33.4251,-94.0477,89.24,60,0,10.0,clear sky
715,57.9731,31.6481,54.84,97,82,2.33,broken clouds
716,52.2667,79.1667,62.2,67,100,8.16,overcast clouds
717,6.9319,79.8478,80.55,84,100,21.43,overcast clouds
718,-32.5833,151.7833,68.81,53,28,5.95,scattered clouds
719,-18.9707,32.6709,53.04,91,90,4.45,overcast clouds
720,-16.7725,31.5838,52.93,94,58,5.66,broken clouds
721,4.75,115.0,84.31,63,68,1.68,broken clouds
722,31.6,131.3667,87.19,70,82,6.02,broken clouds
